comparison,condition1,condition2,mean1,mean2,diff,t_statistic,p_value,cohens_d
Jabberwocky vs Stripped (function word contribution),jabberwocky,stripped,8.04416811208238,9.073297035151759,-1.0291289230693792,-8.326913323482273,3.528023008119767e-09,-1.7510833543452473
Jabberwocky vs Nonwords (total morphosyntactic contribution),jabberwocky,nonwords,8.04416811208238,9.27218155725821,-1.2280134451758293,-8.419116385766493,2.806368139918591e-09,-2.082024065255978
Sentence vs Jabberwocky (content word contribution),sentence,jabberwocky,7.44778404933297,8.04416811208238,-0.5963840627494097,-3.8185417089475275,0.0006532975546768455,-0.9534026998886844
Sentence vs Nonwords (full constraint),sentence,nonwords,7.44778404933297,9.27218155725821,-1.824397507925239,-16.359812008424687,3.5091184281506945e-16,-4.08189203967432
Stripped vs Nonwords (residual constraint),stripped,nonwords,9.073297035151759,9.27218155725821,-0.19888452210645013,-2.220318192791447,0.03437078884282669,-0.5070092543695665
