comparison,condition1,condition2,mean1,mean2,diff,t_statistic,p_value,cohens_d
Jabberwocky vs Stripped (function word contribution),jabberwocky,stripped,1.6317079707482105,0.6259466179301602,1.0057613528180505,5.174706280337831,1.5608078810786866e-05,1.4169873663446655
Jabberwocky vs Nonwords (total morphosyntactic contribution),jabberwocky,nonwords,1.6317079707482105,1.014271566496727,0.6174364042514835,3.408515610559196,0.001937027714773792,0.7670282362165226
Sentence vs Jabberwocky (content word contribution),sentence,jabberwocky,1.0836341511320662,1.6317079707482105,-0.5480738196161443,-2.651673874394982,0.012846704652405196,-0.5816337024963097
Sentence vs Nonwords (full constraint),sentence,nonwords,1.0836341511320662,1.014271566496727,0.06936258463533918,0.3129713281692496,0.7565422036252231,0.0815858246870494
Stripped vs Nonwords (residual constraint),stripped,nonwords,0.6259466179301602,1.014271566496727,-0.38832494856656685,-2.346188079582841,0.026011910422048812,-0.6672740945630767
