comparison,condition1,condition2,mean1,mean2,diff,t_statistic,p_value,cohens_d
Jabberwocky vs Stripped (function word contribution),jabberwocky,stripped,7.109938648228947,9.367719686526225,-2.2577810382972787,-15.379893218752306,1.759011173693274e-15,-4.284404355865586
Jabberwocky vs Nonwords (total morphosyntactic contribution),jabberwocky,nonwords,7.109938648228947,8.94639904899069,-1.8364604007617435,-10.479615162206844,2.2561285605889332e-11,-2.9050316323280807
Sentence vs Jabberwocky (content word contribution),sentence,jabberwocky,7.44778404933297,7.109938648228947,0.3378454011040235,2.29314576822922,0.029279423239129063,0.5844793176858776
Sentence vs Nonwords (full constraint),sentence,nonwords,7.44778404933297,8.94639904899069,-1.49861499965772,-9.356008722076606,2.9225561918865076e-10,-2.697313042493449
Stripped vs Nonwords (residual constraint),stripped,nonwords,9.367719686526225,8.94639904899069,0.42132063753553517,3.057301391268034,0.004764091409028892,0.8388342239307987
