{
  "distilgpt2": {
    "sentence": {
      "mean": 7.534617097915036,
      "std": 0.5399214319901914
    },
    "jabberwocky": {
      "mean": 7.849074584746898,
      "std": 0.7014965576371006
    },
    "stripped": {
      "mean": 9.022530645438614,
      "std": 0.3963883880743826
    },
    "nonwords": {
      "mean": 9.107474859049239,
      "std": 0.43988577352402863
    }
  },
  "gpt2": {
    "sentence": {
      "mean": 7.44778404933297,
      "std": 0.48483399358268653
    },
    "jabberwocky": {
      "mean": 8.04416811208238,
      "std": 0.7221017689016651
    },
    "stripped": {
      "mean": 9.073297035151759,
      "std": 0.38255443653568566
    },
    "nonwords": {
      "mean": 9.27218155725821,
      "std": 0.3887740102283237
    }
  },
  "gpt2_large": {
    "sentence": {
      "mean": 7.206803208745759,
      "std": 0.6018003715987569
    },
    "jabberwocky": {
      "mean": 8.042865683032414,
      "std": 0.5792044174067514
    },
    "stripped": {
      "mean": 8.534110292832358,
      "std": 0.5069259749603271
    },
    "nonwords": {
      "mean": 8.699120479653875,
      "std": 0.3871146748481038
    }
  },
  "nonwords_monotonicity": {
    "distilgpt2": 9.107474859049239,
    "gpt2": 9.27218155725821,
    "gpt2_large": 8.699120479653875,
    "is_monotonic": 