target_def,contrast,mean_a,mean_b,diff,t_stat,p_value,cohens_d,n
VerbOnly,SENTENCE - JABBERWOCKY,0.2487556639229903,0.1796383212874692,0.0691173426355211,7.432524972072326,3.436492234801771e-08,1.3569871954748227,30
VerbOnly,JABBERWOCKY - FULL_SCRAMBLED,0.1796383212874692,0.11122420198007603,0.06841411930739318,4.3354275507989835,0.0001598544355639917,0.7915371553339926,30
VerbOnly,JABBERWOCKY - CONTENT_SCRAMBLED,0.1796383212874692,0.16589745969595243,0.013740861591516773,1.2261843113875257,0.22999315987125196,0.22386960233529551,30
VerbOnly,JABBERWOCKY - FUNCTION_SCRAMBLED,0.1796383212874692,0.1366026820023156,0.04303563928515361,2.348252905043671,0.025891689228639513,0.428730362273152,30
VPStart,SENTENCE - JABBERWOCKY,0.6101331279921093,0.597680514791379,0.012452613200730323,0.7245598338872483,0.4745277709360467,0.13228592176074733,30
VPStart,JABBERWOCKY - FULL_SCRAMBLED,0.597680514791379,0.3337455602758079,0.2639349545155711,5.935257705380048,1.90266334630549e-06,1.0836248432810012,30
VPStart,JABBERWOCKY - CONTENT_SCRAMBLED,0.597680514791379,0.6049230908857377,-0.007242576094358744,-0.39000338660502365,0.6993838678627542,-0.07120455078232654,30
VPStart,JABBERWOCKY - FUNCTION_SCRAMBLED,0.597680514791379,0.32018092184225677,0.2774995929491222,6.773824802421237,1.9541715131027595e-07,1.2367255482913622,30
